quiz_id	num_items	num_students	num_skills	frac_nans	SPARFA_train_acc_mean	SPARFA_train_acc_std	VIBO_train_acc_mean	VIBO_train_acc_std	QFactor_train_acc_mean	QFactor_train_acc_std	Q2Factor_train_acc_mean	Q2Factor_train_acc_std	SPARFA_train_auc_mean	SPARFA_train_auc_std	VIBO_train_auc_mean	VIBO_train_auc_std	QFactor_train_auc_mean	QFactor_train_auc_std	Q2Factor_train_auc_mean	Q2Factor_train_auc_std	SPARFA_test_acc_mean	SPARFA_test_acc_std	VIBO_test_acc_mean	VIBO_test_acc_std	QFactor_test_acc_mean	QFactor_test_acc_std	Q2Factor_test_acc_mean	Q2Factor_test_acc_std	SPARFA_test_auc_mean	SPARFA_test_auc_std	VIBO_test_auc_mean	VIBO_test_auc_std	QFactor_test_auc_mean	QFactor_test_auc_std	Q2Factor_test_auc_mean	Q2Factor_test_auc_std	SPARFA_sparsity_mean	SPARFA_sparsity_std	VIBO_sparsity_mean	VIBO_sparsity_std	QFactor_sparsity_mean	QFactor_sparsity_std	Q2Factor_sparsity_mean	Q2Factor_sparsity_std	SPARFA_train_time_mean	SPARFA_train_time_std	VIBO_train_time_mean	VIBO_train_time_std	QFactor_train_time_mean	QFactor_train_time_std	Q2Factor_train_time_mean	Q2Factor_train_time_std	SPARFA_pred_time_mean	SPARFA_pred_time_std	VIBO_pred_time_mean	VIBO_pred_time_std	QFactor_pred_time_mean	QFactor_pred_time_std	Q2Factor_pred_time_mean	Q2Factor_pred_time_std
2	15	96	1	0.0763889	0.773094	0.00747823	0.709825	0.0352158	0.755148	0.00787583	0.753955	0.00689577	0.845458	0.00697112	0.785211	0.0330612	0.829399	0.0056184	0.829588	0.00585002	0.752658	0.0573865	0.69143	0.0318807	0.733354	0.0327461	0.735368	0.0344131	0.820783	0.0525918	0.75609	0.0457206	0.810564	0.0411196	0.805874	0.0427796	0.00666667	0.02	0.0133333	0.04	0.08	0.0266667	0.0733333	0.02	0.72954	0.13837	0.522659	0.10721	0.0427547	0.014462	0.14543	0.0427251	0.0105583	0.0056373	0.000167799	1.14817e-05	8.35419e-05	2.78993e-05	8.20637e-05	3.01523e-05
3	20	382	9	0.162958	0.978853	0.00404251	0.931585	0.00258647	0.905057	0.00770276	0.918152	0.00628846	0.99014	0.00316665	0.98284	0.00101966	0.972045	0.00275657	0.981232	0.00163695	0.954698	0.0101268	0.891416	0.0158583	0.881617	0.0168409	0.901783	0.0166391	0.982076	0.00878223	0.960842	0.00761191	0.95833	0.0105786	0.974214	0.00705027	0.290556	0.0233135	0.00166667	0.00254588	0.728889	0.0166296	0.580556	0.0206753	17.316	1.83388	1.79545	0.292539	1.20784	0.306759	7.15512	2.01585	0.326867	0.0673551	0.000183725	1.4169e-05	0.00014112	3.51609e-06	0.000148678	5.18658e-06
5	17	2715	5	0.170122	0.874015	0.00891657	0.827669	0.00274477	0.803951	0.0066682	0.820001	0.00823783	0.961177	0.00125946	0.913373	0.00200458	0.893943	0.00231649	0.917055	0.0014654	0.868713	0.00894934	0.823596	0.00673471	0.799067	0.0116463	0.817089	0.00968868	0.957715	0.00479531	0.909938	0.00560982	0.889189	0.00810548	0.9148	0.00407386	0.230588	0.0303155	0	0	0.528235	0.0243674	0.365882	0.0381038	65.661	4.19383	11.2776	0.907548	4.45664	1.38315	38.7607	17.8226	1.45794	0.144256	0.000282097	1.42883e-05	0.000190353	2.02931e-05	0.000202179	5.66414e-06
8	16	660	2	0.159091	0.774856	0.00399786	0.763961	0.00269675	0.761941	0.00377252	0.769811	0.00655683	0.864178	0.00307316	0.837382	0.00356135	0.830934	0.00535201	0.835825	0.00470377	0.767459	0.0156525	0.758419	0.0119481	0.755416	0.0118393	0.767112	0.014805	0.852315	0.0190102	0.82811	0.0169487	0.821618	0.0186124	0.83026	0.0164107	0.10625	0.0207289	0.003125	0.009375	0.340625	0.0616346	0.20625	0.0423896	6.55766	0.784776	2.83435	0.208129	0.55337	0.101523	4.03623	1.3837	0.128937	0.022033	0.000180125	4.04083e-06	0.000129414	3.14821e-06	0.000131702	3.4372e-06
9	16	2860	2	0.148383	0.763001	0.00452474	0.771782	0.0021829	0.759304	0.00322588	0.768311	0.00573676	0.867318	0.000886669	0.856994	0.00180734	0.846262	0.00235879	0.855173	0.00183552	0.762309	0.00871829	0.771269	0.00728431	0.757306	0.00637326	0.768271	0.00778286	0.865828	0.00629865	0.856107	0.00542661	0.845192	0.00548685	0.853837	0.00624086	0.053125	0.0200098	0	0	0.371875	0.040625	0.234375	0.0447432	31.1528	2.57464	13.4947	1.97197	2.10361	1.08024	10.7891	3.7907	0.662533	0.0923114	0.000286031	3.30868e-05	0.000182009	6.79238e-06	0.00047555	0.000817049
10	17	94	2	0.166458	0.811901	0.00623702	0.775305	0.00758016	0.788764	0.00767631	0.788869	0.00422573	0.909756	0.0026953	0.864843	0.00531248	0.873648	0.00434232	0.87755	0.00328345	0.768663	0.0379337	0.733079	0.0286741	0.754427	0.0348839	0.760963	0.0370454	0.861035	0.036734	0.833512	0.0303977	0.84109	0.0335622	0.844478	0.0416035	0.176471	0.0263067	0	0	0.441176	0.032219	0.305882	0.0459426	1.16605	0.141352	0.471009	0.0375455	0.104955	0.0237472	0.486312	0.148315	0.0155262	0.00268979	0.000170422	3.82482e-06	0.000113463	7.89266e-06	0.000556946	0.00129645
12	12	690	3	0.103865	0.837549	0.0077867	0.8126	0.00366184	0.794751	0.00560796	0.796304	0.00807249	0.936446	0.00217085	0.896323	0.00168557	0.878869	0.00445339	0.89086	0.00517196	0.831138	0.0145515	0.807631	0.0112831	0.787553	0.0147028	0.787866	0.00751789	0.92913	0.00590734	0.885685	0.00676236	0.872927	0.00553728	0.882923	0.00510785	0.186111	0.0431227	0.00555556	0.0111111	0.466667	0.0368514	0.344444	0.030932	10.6534	0.671038	2.86485	0.131246	0.448052	0.0861944	2.81561	0.709888	0.195727	0.0115794	0.000638556	0.00137486	0.000112247	2.31106e-06	0.000117326	2.68356e-06
17	14	2503	3	0.126106	0.871482	0.00419736	0.849469	0.00374887	0.840698	0.00337575	0.851383	0.0011524	0.952546	0.000953397	0.925718	0.0024179	0.916748	0.00109705	0.929978	0.00148044	0.867493	0.0124235	0.848979	0.00831579	0.839427	0.0120489	0.849911	0.011385	0.950521	0.00597445	0.923422	0.00517655	0.914958	0.00571516	0.92885	0.00602114	0.152381	0.024281	0	0	0.497619	0.0327327	0.37381	0.0337558	44.1849	3.34161	11.0476	0.93227	2.31221	0.256092	13.6445	4.68601	0.839631	0.0883618	0.000267768	1.52865e-05	0.000160003	7.12185e-06	0.000174093	2.01482e-05
18	14	1824	4	0.215813	0.888867	0.00573489	0.851115	0.0035526	0.819953	0.0101117	0.83821	0.00547533	0.970041	0.00130763	0.934372	0.00192026	0.916745	0.00486078	0.93107	0.00291399	0.880013	0.0132284	0.846694	0.011415	0.818681	0.0182244	0.83583	0.0104052	0.965619	0.00596992	0.930143	0.00597555	0.914604	0.0108536	0.92899	0.00533193	0.2125	0.0258158	0.00178571	0.00535714	0.498214	0.0270228	0.314286	0.0460146	40.0031	2.00937	7.9422	0.415762	2.27517	0.34974	17.9802	9.00093	0.758094	0.107537	0.000259495	1.31014e-05	0.000155902	2.03041e-05	0.000171137	1.97858e-05
19	10	1106	5	0.102893	0.961174	0.00382667	0.901082	0.00494169	0.85225	0.0118042	0.897039	0.00708638	0.996493	0.000296787	0.970685	0.00154433	0.948043	0.00400498	0.978298	0.00141576	0.955507	0.00824168	0.889068	0.0136711	0.843573	0.0129398	0.892757	0.00948332	0.995599	0.0012887	0.96426	0.00688002	0.944325	0.00513703	0.976742	0.00120827	0.33	0.0412311	0	0	0.612	0.0401995	0.532	0.0391918	30.7603	0.985584	4.63485	0.214186	0.676669	0.125613	3.46185	1.04597	0.648277	0.0296953	0.000196767	2.34675e-05	0.000110674	1.66484e-06	0.000122046	2.68144e-06
32	12	2885	3	0.112767	0.841134	0.00597716	0.825279	0.00486597	0.812979	0.00700535	0.825535	0.00617107	0.948432	0.00201378	0.915786	0.00271966	0.90602	0.00287454	0.9182	0.00280293	0.838939	0.00636631	0.824091	0.00714303	0.812112	0.00954677	0.824697	0.0066819	0.946934	0.00422252	0.913747	0.00526706	0.905009	0.00448706	0.917794	0.00340204	0.144444	0.020787	0	0	0.458333	0.0468943	0.322222	0.030932	46.1558	1.20044	11.6878	0.114812	2.214	0.84086	14.237	3.26118	0.980196	0.0289339	0.000262022	2.88477e-06	0.000151682	2.75536e-06	0.000161934	1.93633e-06
33	18	82	4	0.052168	0.917023	0.00653884	0.849107	0.009732	0.857746	0.00763567	0.868496	0.00730808	0.974244	0.00213795	0.91296	0.00644522	0.91086	0.00226987	0.922391	0.00287652	0.839495	0.0468008	0.819072	0.0331887	0.826106	0.0312213	0.84175	0.0317432	0.908117	0.0240615	0.861134	0.0227291	0.855908	0.026964	0.874431	0.0233756	0.186111	0.0311805	0	0	0.588889	0.0242161	0.405556	0.0381881	2.02472	0.264232	0.400431	0.0522275	0.104139	0.0158395	0.608276	0.115435	0.0255938	0.00634437	0.000174093	2.67794e-06	9.22918e-05	3.91311e-05	8.99553e-05	3.42995e-05
34	16	127	3	0.117126	0.864049	0.00556496	0.821352	0.011768	0.813309	0.00752128	0.822403	0.00690682	0.950331	0.00354701	0.905789	0.00456614	0.902763	0.00364508	0.910348	0.00298899	0.809629	0.0276434	0.789343	0.031505	0.77894	0.0421637	0.784491	0.0302969	0.8973	0.0346993	0.871472	0.0296018	0.861881	0.0335719	0.8721	0.0319788	0.172917	0.0209372	0.00208333	0.00625	0.497917	0.0270833	0.3375	0.0370341	2.26455	0.264738	0.632681	0.0552767	0.127427	0.0255267	0.771899	0.158622	0.0333265	0.00746022	0.000173998	5.25257e-06	0.000117159	3.15624e-05	0.000173426	0.000198204
36	5	1378	3	0.0637155	0.864936	0.010456	0.863202	0.0145012	0.81622	0.00509798	0.871975	0.00242536	0.971525	0.00116048	0.93986	0.00938534	0.911283	0.00238791	0.945071	0.00136038	0.860978	0.0142624	0.858941	0.0220961	0.812915	0.0187198	0.870544	0.0105542	0.970614	0.00587803	0.938696	0.012339	0.907096	0.0138048	0.94475	0.00694956	0.08	0.04	0	0	0.29	0.03	0.24	0.0489898	19.1638	0.930761	5.81734	0.536839	0.148025	0.0319682	1.07191	0.554474	0.344006	0.0501469	0.000182962	4.47719e-06	8.44955e-05	2.08722e-06	9.01222e-05	2.5051e-06
37	16	3276	2	0.156536	0.801387	0.00140304	0.784888	0.0022621	0.776675	0.000752362	0.78543	0.000740519	0.891097	0.000679317	0.868414	0.00148815	0.863269	0.000517231	0.869954	0.000488318	0.800569	0.007459	0.784372	0.00676605	0.776038	0.00532011	0.785015	0.00572088	0.889528	0.0060038	0.866279	0.00505834	0.86249	0.0045998	0.869006	0.00443892	0.10625	0.0207289	0	0	0.378125	0.021875	0.2125	0.01875	36.3764	5.21925	14.4241	1.09854	1.67945	0.188268	6.01516	1.87124	0.697425	0.0968592	0.000296664	1.89119e-05	0.000192499	1.07311e-05	0.000207663	2.83832e-05
39	13	2705	4	0.189507	0.894854	0.00378099	0.853765	0.00618042	0.819606	0.00644358	0.835552	0.00640598	0.97313	0.00109875	0.936911	0.00280471	0.918599	0.00271842	0.939841	0.00278952	0.88978	0.00860647	0.851429	0.0109856	0.817731	0.00760629	0.832606	0.00814493	0.970884	0.00420798	0.933495	0.00713675	0.917464	0.00477918	0.937928	0.00292973	0.203846	0.03353	0	0	0.5	0.0446883	0.348077	0.0425257	65.1909	3.93954	12.6877	1.07805	4.24358	1.32485	20.5374	7.16	1.36414	0.16536	0.000270915	1.06502e-05	0.000173497	3.37404e-05	0.000181675	7.18348e-06
43	8	58	2	0.383621	0.966886	0.0124258	0.865076	0.0228682	0.895224	0.026097	0.904008	0.025068	0.99503	0.00324794	0.92048	0.0270756	0.947609	0.0159679	0.950697	0.00889504	0.921931	0.071605	0.832078	0.121058	0.858609	0.102993	0.86638	0.087888	0.951464	0.0716314	0.847146	0.0815159	0.895264	0.0575287	0.883663	0.0831287	0.21875	0.0503891	0	0	0.36875	0.0589624	0.21875	0.0576222	0.949826	0.124186	0.324315	0.037728	0.0456831	0.020665	0.209331	0.0625949	0.0132045	0.00595609	0.000182009	2.45555e-05	7.94888e-05	3.48972e-06	8.05378e-05	2.79225e-06
46	18	3014	3	0.128806	0.834463	0.00304982	0.827828	0.00181129	0.813566	0.00398389	0.824235	0.00617612	0.924305	0.0015122	0.903785	0.00126779	0.892282	0.00236651	0.905819	0.00168422	0.831774	0.0113261	0.826524	0.0102047	0.812856	0.00962967	0.821623	0.0117355	0.921106	0.00737784	0.901725	0.00568418	0.890706	0.00511804	0.903283	0.00585789	0.159259	0.0322881	0	0	0.496296	0.0495522	0.405556	0.0383561	45.6798	2.12172	12.5817	0.566326	4.24378	2.13304	26.4548	12.8522	0.915079	0.0267498	0.000297403	1.94916e-05	0.000392056	0.000581481	0.000208902	3.96779e-06
47	12	912	3	0.0664291	0.852696	0.00484479	0.825405	0.00445898	0.807138	0.00350749	0.817094	0.00422544	0.951826	0.00103217	0.915618	0.00163932	0.905759	0.00122979	0.917801	0.00177634	0.841541	0.0199797	0.819882	0.0130184	0.803117	0.0160269	0.811616	0.0134975	0.944834	0.00828772	0.909008	0.00849892	0.899735	0.0101363	0.914002	0.00824674	0.144444	0.0242161	0.00277778	0.00833333	0.447222	0.0533594	0.336111	0.0401579	15.9112	1.20165	4.15422	0.310408	0.663103	0.289275	5.81418	1.0401	0.322843	0.0595263	0.000208187	6.93129e-05	0.000118232	2.84997e-06	0.000131249	2.34054e-05
49	13	2454	4	0.145477	0.879044	0.0051215	0.836894	0.0046671	0.81356	0.00798607	0.833418	0.00942772	0.964868	0.00136525	0.927308	0.00338708	0.911464	0.00523473	0.929899	0.00421484	0.87516	0.00613577	0.832573	0.0076723	0.810299	0.0139101	0.829363	0.00839441	0.962317	0.0036702	0.923768	0.00704136	0.909369	0.0098356	0.927101	0.00453892	0.213462	0.021842	0	0	0.526923	0.0488022	0.359615	0.0577244	56.6394	3.70653	10.4596	0.376861	2.90293	0.71734	20.8429	9.47657	1.1611	0.131235	0.000260305	5.73772e-06	0.00042181	0.000797349	0.000170135	2.79103e-06
50	11	1625	2	0.109818	0.828815	0.00212939	0.809867	0.00301582	0.798776	0.00228348	0.81328	0.00195458	0.917796	0.00188724	0.8912	0.00171382	0.884801	0.00201597	0.893329	0.00177917	0.826422	0.0169877	0.806812	0.0129807	0.798344	0.0136043	0.81275	0.012166	0.913666	0.0153122	0.887878	0.0163191	0.882768	0.0175776	0.891583	0.015836	0.0863636	0.024478	0.00454545	0.0136364	0.290909	0.0301511	0.168182	0.0291051	17.1817	1.12748	7.04382	0.631469	0.663165	0.0651779	4.99646	1.4186	0.35854	0.0534314	0.000203133	1.36928e-05	0.000126433	6.00327e-06	0.000129652	3.24775e-06
53	14	3106	3	0.129059	0.860306	0.00567692	0.847171	0.00428789	0.83728	0.00477814	0.846182	0.00695175	0.951021	0.00268901	0.927194	0.00301463	0.917778	0.00130891	0.929271	0.00216826	0.860065	0.0149012	0.845729	0.00858849	0.833682	0.010876	0.844387	0.0106862	0.951262	0.00688667	0.925225	0.00454263	0.915908	0.00793493	0.927616	0.00619752	0.138095	0.0315869	0	0	0.454762	0.034421	0.32381	0.0371917	51.6946	2.85047	14.211	1.33544	5.65058	1.61999	50.22	19.3945	1.11004	0.120442	0.000295258	3.25448e-05	0.000171041	4.71828e-06	0.000192761	2.0451e-05
57	13	2870	4	0.190056	0.916135	0.0053393	0.893711	0.0033131	0.873969	0.00644465	0.893075	0.00354205	0.979739	0.00168077	0.957016	0.00281662	0.94303	0.00236015	0.955651	0.00254074	0.911493	0.00697549	0.891573	0.00904626	0.872201	0.0106289	0.890778	0.00495309	0.977323	0.00276358	0.955447	0.00441604	0.940876	0.00581439	0.954291	0.00417985	0.215385	0.0295429	0	0	0.580769	0.0562644	0.409615	0.0976991	67.928	4.20448	12.3179	0.880276	4.27111	1.75054	46.79	17.8333	1.31597	0.158668	0.00028038	2.20271e-05	0.000160599	3.47503e-06	0.000177908	8.74434e-06
60	11	1382	3	0.100645	0.870303	0.00418503	0.837073	0.00363025	0.819887	0.00584451	0.840177	0.00452527	0.960178	0.00113959	0.92456	0.00171002	0.912216	0.00174778	0.9312	0.00189042	0.861262	0.0146257	0.832826	0.0155966	0.821465	0.00996413	0.838234	0.0108631	0.955024	0.00895093	0.918667	0.0115785	0.911456	0.00958878	0.928324	0.00919135	0.172727	0.0272727	0	0	0.481818	0.0285878	0.375758	0.0363636	36.7299	4.27793	9.31697	0.498378	1.12922	0.29449	10.4108	3.42592	0.751311	0.0748885	0.000721931	0.00148418	0.000383759	0.000765598	0.00073278	0.00119482
62	17	3024	3	0.171608	0.812463	0.00400842	0.798416	0.00230322	0.78336	0.00495737	0.794345	0.00290505	0.915562	0.00338555	0.882835	0.00266959	0.870593	0.00216265	0.884472	0.00195544	0.809301	0.0102265	0.797054	0.00500521	0.780986	0.00785114	0.791644	0.00512907	0.912495	0.00674611	0.880179	0.00738556	0.868741	0.00558356	0.88202	0.00426029	0.152941	0.0337346	0.00196078	0.00588235	0.456863	0.0533751	0.3	0.0248796	56.0629	14.0068	16.2054	3.3933	3.8548	1.77466	42.6076	19.3356	1.2053	0.331367	0.000355959	6.39709e-05	0.000710464	0.00148517	0.000220823	9.71555e-06
63	12	2934	3	0.135452	0.845558	0.00518611	0.825603	0.00344535	0.803944	0.00411344	0.814223	0.00955235	0.947459	0.00145767	0.91535	0.00216736	0.896497	0.00137348	0.907849	0.00423354	0.841817	0.00572786	0.823264	0.00527067	0.802209	0.00612192	0.814426	0.0112818	0.945008	0.00316751	0.913649	0.00451834	0.894719	0.00525454	0.907581	0.0054196	0.166667	0.0372678	0	0	0.486111	0.0186339	0.333333	0.0464811	49.6839	3.8496	13.1757	1.21971	2.69295	0.557849	20.6617	3.8044	1.0807	0.162542	0.000276232	1.3159e-05	0.000166059	2.03289e-05	0.000170541	4.97724e-06
64	18	3354	3	0.155668	0.834934	0.00399778	0.824375	0.00338187	0.814051	0.00225393	0.822099	0.00539069	0.926683	0.00285785	0.901299	0.00248326	0.890305	0.0013218	0.902494	0.00203785	0.832371	0.0107299	0.822703	0.0080393	0.813474	0.00469805	0.821032	0.0082955	0.924164	0.00630994	0.899219	0.00601245	0.889316	0.00529749	0.901735	0.00640659	0.161111	0.0438619	0.00185185	0.00555556	0.551852	0.033945	0.403704	0.0386678	54.1866	2.77587	14.696	0.813292	7.95838	1.9861	46.4445	14.1128	1.03652	0.0997424	0.000321102	1.20964e-05	0.00021801	3.76701e-06	0.000236082	1.20343e-05
65	17	2950	3	0.150907	0.807595	0.00333392	0.799335	0.00412487	0.784939	0.00262048	0.793823	0.00380647	0.915583	0.000859993	0.886173	0.00189122	0.875349	0.00186115	0.887114	0.00254545	0.805506	0.00844336	0.79522	0.00869404	0.783831	0.00641929	0.792759	0.010074	0.913218	0.0053771	0.88253	0.00748594	0.874133	0.00485478	0.885705	0.00585466	0.1	0.0105591	0.00392157	0.0117647	0.470588	0.0382227	0.32549	0.0306284	44.1005	1.23249	13.1094	0.614693	4.10878	0.692259	31.8462	6.88506	0.91602	0.0563504	0.000302672	2.68098e-05	0.000203276	6.15397e-06	0.000209308	4.78675e-06
66	20	2029	4	0.16831	0.845512	0.00441015	0.829725	0.0024705	0.810028	0.0045421	0.823504	0.00429646	0.943273	0.00163634	0.914823	0.00107995	0.900922	0.00251873	0.914477	0.00142981	0.837998	0.0072283	0.82268	0.00513266	0.806705	0.00702104	0.821801	0.00856581	0.938565	0.00404408	0.908733	0.00403724	0.896903	0.00598049	0.912091	0.00382046	0.1775	0.043946	0	0	0.575	0.0262202	0.39125	0.02625	41.2471	2.83063	9.00836	0.645256	4.00266	1.26094	50.1586	17.6398	0.863174	0.133501	0.000284004	1.17919e-05	0.00020113	3.77003e-06	0.000212121	4.57745e-06
72	9	721	5	0.103406	0.955436	0.00455644	0.902676	0.00644738	0.87716	0.0114569	0.905817	0.0083825	0.992433	0.00144245	0.96372	0.00170671	0.95255	0.0036152	0.973138	0.00355005	0.944084	0.0108972	0.89045	0.0133392	0.87035	0.0207275	0.896382	0.00723412	0.989435	0.00305888	0.953374	0.00743183	0.948455	0.00931483	0.970428	0.00610741	0.238889	0.0376796	0.00555556	0.0111111	0.563889	0.0305556	0.483333	0.0254588	15.9836	0.960934	3.06168	0.162127	0.3096	0.0831546	2.08608	0.292227	0.309567	0.0121382	0.000198245	4.26971e-05	9.95398e-05	2.86747e-06	0.000107598	1.93119e-06
73	12	2849	3	0.134989	0.846828	0.00212407	0.817481	0.00747855	0.809969	0.0082832	0.820395	0.00757005	0.945834	0.000870594	0.912193	0.00449483	0.898182	0.00353899	0.915249	0.00421589	0.842877	0.00693283	0.818027	0.0115484	0.807125	0.0138882	0.821057	0.00947365	0.942439	0.00493657	0.911375	0.00677515	0.895912	0.00852975	0.914661	0.0065183	0.1	0.0283279	0	0	0.466667	0.061864	0.372222	0.0704921	50.4624	3.89681	12.6768	0.859794	2.71636	0.870583	26.8409	22.9448	1.06607	0.126745	0.000297332	4.44664e-05	0.000166273	1.1647e-05	0.000168252	4.22351e-06
75	14	2516	3	0.18141	0.847417	0.00297413	0.835937	0.00264429	0.824002	0.00645466	0.837402	0.00457648	0.944276	0.00180582	0.919821	0.00195241	0.91142	0.00212404	0.919796	0.00243748	0.843995	0.00734966	0.833193	0.00833469	0.823355	0.0119281	0.836396	0.00843419	0.94228	0.00690679	0.917756	0.00565448	0.909538	0.00735259	0.918592	0.00490604	0.154762	0.0286705	0	0	0.433333	0.0349927	0.380952	0.026082	43.9739	2.46649	11.0174	0.507278	2.84383	0.299505	25.5858	8.80492	0.844784	0.0492511	0.000294304	4.24196e-05	0.000170827	3.16882e-06	0.000181031	2.88092e-06
76	14	202	3	0.0689533	0.848283	0.00939539	0.821655	0.00496558	0.812844	0.0109618	0.821829	0.00908416	0.940301	0.00648076	0.897922	0.00322961	0.893867	0.00288215	0.904357	0.00356441	0.82497	0.0266553	0.815214	0.0193182	0.797513	0.0259874	0.803722	0.0248585	0.916274	0.0186063	0.883019	0.0201591	0.873567	0.0188294	0.884291	0.0188308	0.157143	0.024281	0	0	0.497619	0.0224619	0.352381	0.0233285	3.0825	0.350967	0.888523	0.012032	0.149384	0.0346384	1.05249	0.311598	0.0542624	0.00831886	0.000362206	0.000533746	0.000104833	1.95498e-05	0.000107813	1.88739e-05
77	20	669	8	0.137369	0.954444	0.00443638	0.895611	0.00272701	0.86533	0.00662044	0.890918	0.00391386	0.988874	0.00353323	0.964636	0.00107139	0.948724	0.00264379	0.967324	0.0014066	0.937205	0.00499074	0.867891	0.00968545	0.857418	0.0067624	0.881645	0.00551982	0.981081	0.00611452	0.945783	0.00600383	0.942632	0.0052646	0.962383	0.00301674	0.260625	0.0279578	0.00125	0.0025	0.694375	0.0295077	0.55	0.0302335	26.1284	1.35059	3.01675	0.224513	1.86488	0.430769	12.5854	4.8876	0.509537	0.0351527	0.000230742	4.14025e-06	0.000168633	3.34896e-05	0.000169611	3.03495e-06
84	18	2946	3	0.183243	0.806503	0.00463882	0.794247	0.00246862	0.782584	0.00384487	0.789365	0.00638215	0.90694	0.00239979	0.876401	0.0012289	0.863119	0.00120075	0.875793	0.00173578	0.805042	0.00562182	0.790271	0.00951699	0.781931	0.00704088	0.789164	0.00943243	0.905075	0.00414983	0.872422	0.00722307	0.860768	0.00665918	0.874707	0.00574761	0.151852	0.0215961	0.00185185	0.00555556	0.52037	0.0267719	0.351852	0.0248452	41.5466	3.03607	12.4581	0.716157	3.63596	0.685331	34.2768	12.2316	0.974126	0.162142	0.000300908	9.37167e-06	0.00047369	0.0008139	0.000212502	2.97221e-06
85	7	1500	2	0.0699048	0.890979	0.00721461	0.858591	0.0133898	0.864231	0.00675913	0.873505	0.0112462	0.97076	0.00145606	0.935539	0.0029985	0.932855	0.00331189	0.944696	0.00396924	0.88942	0.00884563	0.853783	0.0141304	0.857153	0.0130724	0.873821	0.0131418	0.969628	0.00514906	0.932716	0.00897518	0.928974	0.00934685	0.944436	0.00715802	0.157143	0.0428571	0	0	0.292857	0.0871897	0.264286	0.0457366	17.8172	1.37365	6.35865	0.527069	0.458136	0.0616764	3.95442	3.72222	0.332773	0.0930714	0.000196362	1.86611e-05	0.00030849	0.000617691	0.000107121	4.42207e-06
87	14	1845	3	0.144561	0.83431	0.00425354	0.805313	0.00455611	0.786384	0.00335959	0.788695	0.00949039	0.920603	0.00257819	0.878292	0.00279101	0.860743	0.00229245	0.874372	0.00356835	0.830095	0.0115625	0.801866	0.0115829	0.787597	0.00862674	0.787241	0.0118145	0.916765	0.00765201	0.874836	0.00779164	0.859876	0.00857356	0.871444	0.00626577	0.159524	0.0384655	0	0	0.371429	0.0285714	0.302381	0.0337558	28.7846	3.02858	8.04454	0.695986	1.64257	0.551346	12.9347	4.74336	0.629525	0.149872	0.000254035	1.56713e-05	0.00015204	2.37953e-06	0.000162935	3.16873e-06
88	15	2921	3	0.118498	0.820073	0.00455257	0.808705	0.00243508	0.796765	0.00572807	0.8055	0.00523679	0.925176	0.00309352	0.899985	0.00230107	0.88966	0.00314793	0.90325	0.00112945	0.814479	0.00885056	0.80932	0.00749876	0.794999	0.00945105	0.805185	0.0120621	0.919983	0.00528616	0.898413	0.00538675	0.887936	0.0050017	0.902236	0.00481793	0.14	0.0263874	0	0	0.455556	0.0248452	0.34	0.0544784	58.5978	6.40622	15.8524	1.65907	3.9524	1.41268	39.1264	15.5006	1.35471	0.204436	0.000609422	0.00079478	0.000379562	0.000460787	0.000239253	8.27407e-05
91	16	986	2	0.13717	0.79061	0.00338856	0.770825	0.00203755	0.763718	0.00211442	0.768564	0.00391644	0.846488	0.00312	0.821149	0.00202981	0.814094	0.00299373	0.817243	0.00341982	0.784426	0.0119198	0.768152	0.0123352	0.761129	0.0108589	0.76223	0.0132976	0.837596	0.0111034	0.813599	0.0153789	0.808241	0.0105864	0.810179	0.0100164	0.0625	0.0242061	0	0	0.3625	0.0423896	0.20625	0.0596212	14.3637	1.10729	5.88534	0.59101	0.782725	0.149617	6.97699	4.48118	0.272769	0.0439411	0.000289536	0.000144443	0.000166416	3.67802e-05	0.000268435	0.00030442
92	7	1772	3	0.0715898	0.951213	0.00448207	0.910721	0.00957892	0.871899	0.00264909	0.916265	0.00697994	0.992839	0.000487126	0.972911	0.002278	0.95505	0.00140736	0.973185	0.00149606	0.947774	0.00484973	0.91013	0.0106526	0.870604	0.00880065	0.915085	0.0137057	0.99162	0.00133323	0.971295	0.00420613	0.952647	0.00482847	0.97161	0.00371725	0.133333	0.0190476	0	0	0.457143	0.0233285	0.390476	0.0285714	44.9949	4.15756	10.0612	1.23638	0.861713	0.163276	4.40034	1.6104	0.86334	0.143355	0.000271153	0.000159232	0.000477099	0.00103383	0.000131655	2.91468e-05
95	5	1522	2	0.0583443	0.913995	0.0116355	0.882869	0.0163791	0.823673	0.00722623	0.878157	0.00651903	0.979975	0.00185221	0.950076	0.00618976	0.922312	0.00210866	0.95787	0.00354294	0.915046	0.0160635	0.877379	0.0186007	0.816385	0.0186256	0.874709	0.0141873	0.979727	0.00457077	0.947299	0.00644785	0.917876	0.00959996	0.957192	0.00436282	0.13	0.0458258	0	0	0.28	0.04	0.26	0.08	26.0034	2.69985	8.51397	0.829934	0.241616	0.0367059	2.68303	0.721437	0.541191	0.0906143	0.000229025	8.28807e-05	0.000103617	2.34452e-05	0.000103879	1.56951e-05
97	15	1853	4	0.109228	0.887612	0.00503796	0.859585	0.00191795	0.837548	0.00655317	0.856454	0.00448847	0.97013	0.0020081	0.939871	0.000894184	0.927826	0.00255716	0.946022	0.00157729	0.882426	0.0115686	0.857657	0.0105793	0.836458	0.0112582	0.854119	0.00788018	0.967363	0.0050294	0.936729	0.00676768	0.925441	0.00713106	0.94457	0.0045587	0.201667	0.0229129	0	0	0.566667	0.0288675	0.43	0.0194365	47.0433	8.2319	8.62084	0.874178	2.45521	0.41304	18.6377	6.42868	0.959717	0.248309	0.000272441	3.14112e-05	0.000162911	1.32029e-05	0.000176406	2.84741e-05
98	18	116	4	0.113985	0.889617	0.00710522	0.833769	0.00590486	0.830116	0.0065188	0.836288	0.00394215	0.966117	0.00303753	0.911435	0.00555839	0.90438	0.0046027	0.915255	0.00384185	0.831948	0.0398687	0.808756	0.0235214	0.792973	0.0304837	0.800704	0.0261344	0.905398	0.0416649	0.872091	0.0241492	0.864207	0.0324909	0.882131	0.0279288	0.186111	0.015466	0	0	0.591667	0.0198373	0.375	0.0515949	2.58347	0.092686	0.549707	0.0339868	0.144643	0.0350298	0.818483	0.133574	0.0349463	0.00573927	0.000180125	7.09611e-06	0.000108218	3.14245e-05	0.000286579	0.000527541
101	12	2542	4	0.128836	0.87308	0.00375819	0.836592	0.00609719	0.803466	0.00251321	0.829675	0.00741038	0.966302	0.00162804	0.930655	0.00354656	0.906534	0.000738149	0.931872	0.00268581	0.870062	0.00633817	0.834007	0.00931715	0.801398	0.0102068	0.826937	0.0101285	0.964162	0.00264007	0.928684	0.00425154	0.905713	0.00767452	0.929713	0.00531627	0.222917	0.0209372	0	0	0.53125	0.0213478	0.364583	0.0529101	60.3606	2.59776	10.9216	0.562572	2.01697	0.243774	18.4379	7.04272	1.20883	0.0853045	0.000269866	1.80117e-05	0.000151038	3.38059e-06	0.000166631	2.90137e-06
103	12	908	4	0.0970999	0.910885	0.00342624	0.861942	0.00251536	0.83564	0.00736994	0.857099	0.00781944	0.977862	0.00133003	0.941699	0.00160025	0.927238	0.00329706	0.946563	0.00314809	0.90157	0.0167679	0.85158	0.011039	0.829868	0.0230986	0.85471	0.0117784	0.974051	0.00517067	0.931033	0.00768931	0.920855	0.0149419	0.944866	0.0059272	0.241667	0.0418745	0.00208333	0.00625	0.577083	0.0264345	0.435417	0.0514123	19.256	1.00842	3.872	0.201144	0.559439	0.0952241	4.91866	1.51562	0.355967	0.0144084	0.00019424	6.1732e-06	0.000120711	2.39382e-06	0.000132465	1.03024e-05
105	15	1891	3	0.112357	0.826936	0.00475259	0.821389	0.00313557	0.797749	0.00299225	0.815067	0.00535176	0.932083	0.000954669	0.906166	0.00259281	0.893354	0.000763072	0.909067	0.000948868	0.825049	0.00869205	0.81658	0.00751828	0.794191	0.0064145	0.813758	0.00825411	0.929863	0.00510001	0.901601	0.00639442	0.890124	0.00394045	0.907481	0.00381317	0.142222	0.0301437	0	0	0.482222	0.0315054	0.346667	0.0317397	27.207	0.874364	7.59651	0.0633524	1.95695	0.769982	17.482	7.01052	0.559753	0.0266598	0.000250864	3.96636e-06	0.000160456	5.85074e-06	0.000165701	2.80889e-06
107	12	1351	3	0.0805576	0.84972	0.0036599	0.822466	0.00274256	0.802609	0.00655837	0.810681	0.00565808	0.948291	0.00154481	0.91153	0.00162869	0.900673	0.00418036	0.913007	0.00290397	0.845984	0.0101304	0.817557	0.0124109	0.800772	0.0146149	0.806093	0.0114743	0.945364	0.00781599	0.906453	0.00938339	0.896456	0.00991324	0.909714	0.00610666	0.166667	0.030429	0.00555556	0.0111111	0.472222	0.0527046	0.297222	0.0583333	21.6144	0.744464	5.65201	0.243222	1.09834	0.327964	10.4312	2.81405	0.415389	0.0158991	0.00020082	5.22246e-06	0.0001302	2.17066e-06	0.000143909	2.21363e-05
109	17	2552	5	0.170754	0.881141	0.00425818	0.841083	0.00577357	0.815368	0.00818705	0.838405	0.00742069	0.964657	0.00153665	0.923025	0.00247546	0.906068	0.00306759	0.924594	0.0033765	0.872807	0.00975834	0.836659	0.00907969	0.813293	0.00786682	0.837116	0.00715444	0.959578	0.00466145	0.91816	0.00617721	0.903793	0.00391412	0.922669	0.0058592	0.232941	0.0396525	0.00470588	0.00576351	0.570588	0.0325396	0.387059	0.0402243	73.178	11.2008	12.3011	1.83643	5.72604	1.3453	63.2636	44.0362	1.56919	0.268049	0.000312519	3.50425e-05	0.000208569	2.59431e-05	0.000216556	9.52842e-06
111	15	3126	2	0.0878652	0.802971	0.00273797	0.806649	0.00182714	0.797892	0.0032708	0.803477	0.00223597	0.904608	0.00126456	0.886545	0.00155679	0.881511	0.00113363	0.888904	0.00108018	0.801204	0.00924841	0.806376	0.00811593	0.797811	0.00804428	0.802917	0.00817074	0.903102	0.00574053	0.88493	0.00582988	0.880451	0.00609266	0.888067	0.00586324	0.0766667	0.0152753	0	0	0.35	0.0223607	0.21	0.03	40.7202	4.29038	19.101	3.07894	3.21824	0.669907	18.944	3.10711	0.836588	0.168681	0.000356436	6.35433e-05	0.000199771	1.73009e-05	0.000200605	5.21935e-06
112	14	90	3	0.0738095	0.85414	0.00781841	0.792927	0.00878884	0.808569	0.0102577	0.81595	0.0105773	0.939438	0.00365294	0.871589	0.00696843	0.885652	0.00445355	0.894427	0.00420125	0.799495	0.032118	0.77728	0.0387104	0.757009	0.044237	0.771778	0.0388431	0.883406	0.0224706	0.842983	0.036116	0.830098	0.0325442	0.846247	0.0311701	0.183333	0.0320324	0	0	0.480952	0.0233285	0.35	0.0452381	2.3188	0.114882	0.710262	0.043764	0.142015	0.035635	0.713742	0.128885	0.0330984	0.00506425	0.000714779	0.00157008	9.81808e-05	2.31415e-05	0.000574732	0.00116858
113	14	1855	3	0.102849	0.830477	0.00474773	0.80981	0.00387117	0.793766	0.00727421	0.805551	0.0110799	0.928464	0.00219109	0.89337	0.00310269	0.879354	0.00546305	0.895927	0.00716842	0.82544	0.00923179	0.807353	0.00787079	0.790602	0.0098636	0.803198	0.0144984	0.924307	0.00631643	0.888735	0.00846759	0.877437	0.0077037	0.895159	0.00877245	0.161905	0.0349927	0	0	0.459524	0.0282722	0.345238	0.0604687	40.8019	5.57699	11.8351	1.60661	2.47871	0.787115	20.5723	5.94557	0.8287	0.187648	0.000271916	2.14914e-05	0.00017333	2.99414e-05	0.000475788	0.000854435
114	18	189	2	0.125514	0.79392	0.00406233	0.762182	0.00461411	0.768978	0.00400743	0.771216	0.00384391	0.848389	0.00531218	0.818106	0.00505061	0.817939	0.00465984	0.818298	0.0061526	0.782241	0.0311617	0.750738	0.0334803	0.763402	0.0315187	0.758728	0.0325452	0.817721	0.0361786	0.783866	0.0366859	0.795995	0.0354301	0.799595	0.0294776	0.0916667	0.025	0	0	0.263889	0.0334489	0.202778	0.035246	3.10326	0.187164	1.33815	0.0437536	0.276572	0.0581013	1.6207	0.559173	0.0559361	0.0087912	0.000840688	0.00131708	0.000130177	3.40697e-06	0.000131726	3.75348e-06
115	15	1312	3	0.116565	0.83276	0.00388311	0.818168	0.00330739	0.803848	0.00297833	0.815774	0.0051224	0.931167	0.00262995	0.902373	0.0019259	0.892688	0.00112593	0.903347	0.00123912	0.826209	0.0117952	0.813907	0.0102058	0.800047	0.00893764	0.812237	0.0100829	0.925271	0.00824426	0.897	0.00959765	0.887106	0.00816719	0.900093	0.00703859	0.122222	0.0302255	0	0	0.515556	0.0419288	0.333333	0.0570899	30.9109	0.909008	8.95997	0.385129	2.18298	0.412039	15.5433	3.59534	0.648389	0.0290879	0.0011106	0.00122037	0.00015533	1.07813e-05	0.000206161	0.000100466
117	17	162	2	0.161583	0.7948	0.00620195	0.766882	0.00579762	0.769023	0.00419423	0.770349	0.00681262	0.877304	0.00455227	0.845156	0.00522742	0.845003	0.00443635	0.846527	0.0036152	0.772255	0.0290427	0.75183	0.023418	0.755529	0.0298722	0.75047	0.022855	0.827318	0.0312953	0.814862	0.0259204	0.813281	0.0277341	0.813457	0.0327734	0.114706	0.0307068	0	0	0.385294	0.0404345	0.255882	0.0543123	2.65406	0.0894349	1.17572	0.0715543	0.243416	0.0509346	0.954045	0.422237	0.043408	0.0084037	0.000183463	1.19549e-05	0.000132728	3.38501e-05	0.000127864	3.25383e-05
118	15	192	1	0.0920139	0.729086	0.0046061	0.711579	0.0196721	0.725194	0.00454936	0.725611	0.00413967	0.797587	0.00331687	0.782104	0.0203618	0.79709	0.00327845	0.798584	0.00366413	0.716253	0.0313127	0.709283	0.0211045	0.721091	0.0234136	0.723425	0.0249273	0.776478	0.0412554	0.769718	0.0300905	0.781444	0.0343867	0.783224	0.032453	0	0	0	0	0	0	0	0	1.61356	0.0916863	1.20758	0.105461	0.0537535	0.0107725	0.102038	0.012808	0.0263859	0.00628147	0.000557637	0.00112646	0.000118423	1.14202e-05	0.000122905	2.2844e-05
